AAAA	Q6WRA1	1
AAAB	Q6WRA1	1
AAAC	Q6WRA1	1
AAAD	Q6WRA1	1
AAAE	Q6WRA1	1
AAAF	Q6WRA1	1
AAAH	Q6WRA1	1
AAAI	Q6WRA1	1
AAAJ	Q6WRA1	0
AAAP	Q6WRA1	1
AAAQ	Q6WRA1	1
AAAR	Q6WRA1	0
AAAS	Q6WRA1	0
AAAT	Q6WRA1	0
AAAU	Q6WRA1	1
AAAV	Q6WRA1	1
AAAW	Q6WRA1	1
AAAY	Q6WRA1	1
AAAZ	Q6WRA1	1
AABA	Q6WRA1	0
AABB	Q6WRA1	1
AABC	Q6WRA1	1
AABD	Q6WRA1	1
AABE	Q6WRA1	1
AABP	Q6WRA1	0
AABQ	Q6WRA1	0
AABR	Q6WRA1	0
AABS	Q6WRA1	0
AABT	Q6WRA1	0
AABU	Q6WRA1	1
AABV	Q6WRA1	1
AABW	Q6WRA1	1
AACE	Q6WRA1	0
AACF	Q6WRA1	0
AACG	Q6WRA1	0
AACH	Q6WRA1	0
AACI	Q6WRA1	1
AACJ	Q6WRA1	0
AACK	Q6WRA1	0
AACL	Q6WRA1	0
AACM	Q6WRA1	0
AACN	Q6WRA1	0
AACO	Q6WRA1	0
AACP	Q6WRA1	0
AACQ	Q6WRA1	0
AACR	Q6WRA1	0
AACS	Q6WRA1	0
AACT	Q6WRA1	0
AACU	Q6WRA1	0
AACZ	Q6WRA1	0
AADA	Q6WRA1	1
AADB	Q6WRA1	0
AADC	Q6WRA1	0
AADD	Q6WRA1	0
AADE	Q6WRA1	0
AADF	Q6WRA1	0
AADM	Q6WRA1	0
AADN	Q6WRA1	0
AADO	Q6WRA1	0
AADP	Q6WRA1	0
AADQ	Q6WRA1	0
AADR	Q6WRA1	0
AADS	Q6WRA1	0
AADT	Q6WRA1	0
AADU	Q6WRA1	0
AADV	Q6WRA1	0
AADW	Q6WRA1	0
AADX	Q6WRA1	0
AADY	Q6WRA1	0
AADZ	Q6WRA1	0
A	Q6WRA1	0
B	Q6WRA1	0
C	Q6WRA1	0
D	Q6WRA1	0
E	Q6WRA1	0
F	Q6WRA1	0
G	Q6WRA1	0
H	Q6WRA1	0
N	Q6WRA1	0
O	Q6WRA1	0
P	Q6WRA1	0
Q	Q6WRA1	0
R	Q6WRA1	0
S	Q6WRA1	0
T	Q6WRA1	0
U	Q6WRA1	0
V	Q6WRA1	0
W	Q6WRA1	0
X	Q6WRA1	0
Y	Q6WRA1	0
AA	Q6WRA1	0
AB	Q6WRA1	0
AD	Q6WRA1	0
AE	Q6WRA1	0
AF	Q6WRA1	0
AG	Q6WRA1	0
AH	Q6WRA1	0
AI	Q6WRA1	0
AJ	Q6WRA1	0
AK	Q6WRA1	0
AL	Q6WRA1	0
AM	Q6WRA1	0
AN	Q6WRA1	0
AO	Q6WRA1	0
AP	Q6WRA1	0
AQ	Q6WRA1	0
AR	Q6WRA1	0
AS	Q6WRA1	0
AT	Q6WRA1	0
AU	Q6WRA1	0
AV	Q6WRA1	0
AW	Q6WRA1	0
AX	Q6WRA1	0
AY	Q6WRA1	0
AZ	Q6WRA1	0
BA	Q6WRA1	0
BB	Q6WRA1	0
BC	Q6WRA1	0
BD	Q6WRA1	0
BE	Q6WRA1	0
BF	Q6WRA1	0
BG	Q6WRA1	0
BH	Q6WRA1	0
BI	Q6WRA1	0
BJ	Q6WRA1	0
BK	Q6WRA1	0
BL	Q6WRA1	0
BM	Q6WRA1	0
BN	Q6WRA1	0
BO	Q6WRA1	0
BP	Q6WRA1	0
BQ	Q6WRA1	0
BR	Q6WRA1	0
BS	Q6WRA1	0
BT	Q6WRA1	0
BU	Q6WRA1	0
BV	Q6WRA1	0
BW	Q6WRA1	0
BX	Q6WRA1	0
BY	Q6WRA1	0
BZ	Q6WRA1	0
CA	Q6WRA1	0
CB	Q6WRA1	0
CC	Q6WRA1	0
CD	Q6WRA1	0
CE	Q6WRA1	0
CF	Q6WRA1	0
CG	Q6WRA1	0
CH	Q6WRA1	0
CI	Q6WRA1	0
CJ	Q6WRA1	0
CK	Q6WRA1	0
CL	Q6WRA1	0
CM	Q6WRA1	0
CN	Q6WRA1	0
CO	Q6WRA1	0
CP	Q6WRA1	0
CQ	Q6WRA1	0
CR	Q6WRA1	0
CS	Q6WRA1	0
CT	Q6WRA1	0
CU	Q6WRA1	0
CV	Q6WRA1	0
CW	Q6WRA1	0
CX	Q6WRA1	0
CY	Q6WRA1	0
CZ	Q6WRA1	0
DA	Q6WRA1	0
DB	Q6WRA1	0
DC	Q6WRA1	0
DD	Q6WRA1	0
AAAY	Q6WRA2	1
AAAZ	Q6WRA2	1
AACK	Q6WRA2	1
AACY	Q6WRA2	0
AAAJ	Q6WRA3	1
AAAY	Q6WRA3	1
AAAZ	Q6WRA3	1
AABU	Q6WRA3	1
AABV	Q6WRA3	1
AABW	Q6WRA3	1
AACK	Q6WRA3	0
AACY	Q6WRA3	0
AADT	Q6WRA3	0
AADY	Q6WRA3	0
DJ	Q6WRA3	0
AABT	Q6WRA4	1
AABU	Q6WRA4	1
AABV	Q6WRA4	1
AACK	Q6WRA4	1
AACL	Q6WRA4	1
AACM	Q6WRA4	1
AACN	Q6WRA4	1
AACY	Q6WRA4	0
AADT	Q6WRA4	0
AADY	Q6WRA4	0
DJ	Q6WRA4	0
AACI	Q6WRA5	1
AACK	Q6WRA5	0
AACZ	Q6WRA6	0
AADF	Q6WRA6	0
AADT	Q6WRA6	0
K	Q6WRA6	0
DJ	Q6WRA6	0
AABB	Q6WRA7	1
AABC	Q6WRA7	1
AABD	Q6WRA7	1
AACY	Q6WRA7	0
DJ	Q6WRA7	0
AACK	Q6WRA8	0
AACS	Q6WRA8	0
AACY	Q6WRA8	0
AACZ	Q6WRA8	0
AADF	Q6WRA8	0
AADT	Q6WRA8	0
K	Q6WRA8	0
DJ	Q6WRA8	0
AABB	Q6WRA8	1
AABC	Q6WRA8	1
AABD	Q6WRA8	1
AABI	Q6WRA9	0
AACY	Q6WRA9	0
AADT	Q6WRA9	0
AADY	Q6WRA9	0
G	Q6WRA9	0
H	Q6WRA9	0
I	Q6WRA9	0
DJ	Q6WRA9	0
AAAF	Q6WRA9	1
AAAZ	Q6WRA9	1
AABA	Q6WRA9	1
AABP	Q6WRA9	1
AABQ	Q6WRA9	1
AABR	Q6WRA9	1
AABS	Q6WRA9	1
AABY	Q6WRA9	1
AABZ	Q6WRA9	1
AACA	Q6WRA9	1
AACB	Q6WRA9	1
AACC	Q6WRA9	1
AACD	Q6WRA9	1
AACE	Q6WRA9	1
AACF	Q6WRA9	1
AACG	Q6WRA9	1
AACH	Q6WRA9	1
E	Q6WRA9	1
F	Q6WRA9	1
L	Q6WRA9	1
DJ	Q6WRB1	0
AACQ	Q6WRB1	1
AADF	Q6WRB1	1
DJ	Q6WRB2	0
AACS	Q6WRB3	0
AACY	Q6WRB3	0
AACZ	Q6WRB3	0
AADF	Q6WRB3	0
AADT	Q6WRB3	0
K	Q6WRB3	0
DJ	Q6WRB3	0
AADF	Q6WRB4	0
AADT	Q6WRB4	0
K	Q6WRB4	0
DJ	Q6WRB4	0
AACF	Q6WRB4	1
AACH	Q6WRB4	1
AADH	Q6WRB21	0
AADT	Q6WRB21	0
AADY	Q6WRB21	0
DJ	Q6WRB21	0
AADG	Q6WRB21	1
AACK	Q6WRB31	0
AADT	Q6WRB31	0
AADT	Q6WRB41	0
AADY	Q6WRB41	0
DJ	Q6WRB41	0
AACY	Q6WRB41	1
AADF	Q6WRB5	0
DJ	Q6WRB5	0
AACS	Q6WRB5	1
AACT	Q6WRB5	1
DG	Q6WRB5	1
AACK	Q6WRB6	0
AACY	Q6WRB6	0
AADB	Q6WRB6	0
AABE	Q6WRB6	1
AADR	Q6WRB6	1
AACX	Q6WRB8	1
AACY	Q6WRB8	1
AACZ	Q6WRB8	1
AACK	Q6WRB9	0
AADT	Q6WRB9	0
AADY	Q6WRB9	0
DJ	Q6WRB9	0
AACV	Q6WRB9	1
AACW	Q6WRB9	1
AACK	Q6WRC1	0
AACS	Q6WRC1	0
AACY	Q6WRC1	0
AACZ	Q6WRC1	0
AADF	Q6WRC1	0
AADT	Q6WRC1	0
K	Q6WRC1	0
DJ	Q6WRC1	0
AADR	Q6WRC1	1
AADS	Q6WRC1	1
AACK	Q6WRC2	0
AACY	Q6WRC2	0
AADY	Q6WRC2	0
DJ	Q6WRC2	0
AADT	Q6WRC2	1
AADU	Q6WRC2	1
AACY	Q6WRC3	0
AADT	Q6WRC3	0
DJ	Q6WRC3	0
AADY	Q6WRC3	1
AADZ	Q6WRC3	1
A	Q6WRC3	1
AACK	Q6WRC4	0
AACS	Q6WRC4	0
AADF	Q6WRC4	0
AADT	Q6WRC4	0
K	Q6WRC4	0
DJ	Q6WRC4	0
AACU	Q6WRC4	1
AACV	Q6WRC4	1
AACW	Q6WRC4	1
AACX	Q6WRC4	1
AACY	Q6WRC4	1
AACZ	Q6WRC4	1
AACK	Q6WRC5	0
AACS	Q6WRC5	0
AADF	Q6WRC5	0
AADT	Q6WRC5	0
K	Q6WRC5	0
DJ	Q6WRC5	0
AACU	Q6WRC5	1
AACV	Q6WRC5	1
AACW	Q6WRC5	1
AACX	Q6WRC5	1
AACY	Q6WRC5	1
AACZ	Q6WRC5	1
AACK	Q6WRC6	0
AACY	Q6WRC6	0
AACZ	Q6WRC6	0
AADF	Q6WRC6	0
AADT	Q6WRC6	0
K	Q6WRC6	0
DJ	Q6WRC6	0
B	Q6WRC6	1
C	Q6WRC6	1
D	Q6WRC6	1
AACK	Q6WRC7	0
AACS	Q6WRC7	0
AACY	Q6WRC7	0
AADF	Q6WRC7	0
AADT	Q6WRC7	0
K	Q6WRC7	0
DJ	Q6WRC7	0
AACZ	Q6WRC7	1
AACK	Q6WRC8	0
AACS	Q6WRC8	0
AACY	Q6WRC8	0
AACZ	Q6WRC8	0
AADD	Q6WRC8	0
AADE	Q6WRC8	0
AADT	Q6WRC8	0
AACK	Q6WRC8	0
AACY	Q6WRC8	0
AADD	Q6WRC8	0
AADE	Q6WRC8	0
AADT	Q6WRC8	0
DJ	Q6WRC8	0
AABK	Q6WRC8	1
AABM	Q6WRC8	1
AADB	Q6WRC8	1
AADC	Q6WRC8	1
AACK	Q6WRD1	0
AACY	Q6WRD1	0
AADT	Q6WRD1	0
DJ	Q6WRD1	0
AADD	Q6WRD1	1
AADE	Q6WRD1	1
J	Q6WRD2	0
DJ	Q6WRD2	0
AABJ	Q6WRD2	1
AABL	Q6WRD2	1
J	Q6WRD3	0
K	Q6WRD3	0
AO	Q6WRD3	0
AR	Q6WRD3	0
AT	Q6WRD3	0
DJ	Q6WRD3	0
AABI	Q6WRD3	1
AABJ	Q6WRD3	1
AABL	Q6WRD3	1
AADQ	Q6WRD3	1
AP	Q6WRD3	1
AQ	Q6WRD3	1
AS	Q6WRD3	1
DO	Q6WRD3	1
K	Q6WRD4	0
DJ	Q6WRD4	0
AABI	Q6WRD4	1
AABJ	Q6WRD4	1
AABL	Q6WRD4	1
K	Q6WRD5	0
DJ	Q6WRD5	0
AABI	Q6WRD5	1
AABJ	Q6WRD5	1
AABL	Q6WRD5	1
AADI	Q6WRD5	1
AACK	Q6WRD6	0
AACY	Q6WRD6	0
AACZ	Q6WRD6	0
K	Q6WRD6	0
DJ	Q6WRD6	0
AABI	Q6WRD6	1
AABJ	Q6WRD6	1
AABL	Q6WRD6	1
J	Q6WRD7	0
K	Q6WRD7	0
DJ	Q6WRD7	0
AAAH	Q6WRD7	1
AABI	Q6WRD7	1
AABJ	Q6WRD7	1
AABL	Q6WRD7	1
AO	Q6WRD8	0
AR	Q6WRD8	0
DJ	Q6WRD8	0
AABI	Q6WRD8	1
AADQ	Q6WRD8	1
AP	Q6WRD8	1
AQ	Q6WRD8	1
AS	Q6WRD8	1
AT	Q6WRD8	1
DO	Q6WRD8	1
K	Q6WRD9	0
DJ	Q6WRD9	0
J	Q6WRD9	1
K	Q6WRE1	0
DJ	Q6WRE1	0
J	Q6WRE1	1
DJ	Q6WRE2	0
K	Q6WRE2	1
DJ	Q6WRE3	0
AADH	Q6WRE3	1
DJ	Q6WRE4	0
AADH	Q6WRE4	1
AACY	Q6WRE5	0
AADT	Q6WRE5	0
AADY	Q6WRE5	0
DJ	Q6WRE5	0
AABM	Q6WRE5	1
AABN	Q6WRE5	1
AABO	Q6WRE5	1
AACY	Q6WRE6	0
AADT	Q6WRE6	0
AADY	Q6WRE6	0
DJ	Q6WRE6	0
AABN	Q6WRE6	1
DJ	Q6WRE7	0
AD	Q6WRE7	1
DJ	Q6WRE8	0
AD	Q6WRE8	1
DJ	Q6WRE9	0
AD	Q6WRE9	1
DJ	Q6WRF1	0
AI	Q6WRF3	1
AJ	Q6WRF3	1
AK	Q6WRF3	1
AL	Q6WRF3	1
AM	Q6WRF3	1
AN	Q6WRF3	1
AO	Q6WRF3	1
AP	Q6WRF3	1
AQ	Q6WRF3	1
AR	Q6WRF3	1
AS	Q6WRF3	1
AT	Q6WRF3	1
BD	Q6WRF3	1
BE	Q6WRF3	1
BF	Q6WRF3	1
BG	Q6WRF3	1
BH	Q6WRF3	1
BI	Q6WRF3	1
BJ	Q6WRF3	1
BK	Q6WRF3	1
BL	Q6WRF3	1
BM	Q6WRF3	1
BN	Q6WRF3	1
BO	Q6WRF3	1
BP	Q6WRF3	1
BQ	Q6WRF3	1
BR	Q6WRF3	1
BS	Q6WRF3	1
BT	Q6WRF3	1
BU	Q6WRF3	1
DJ	Q6WRF4	0
AH	Q6WRF4	1
DJ	Q6WRF5	0
BC	Q6WRF5	1
DE	Q6WRF8	1
DJ	Q6WRF9	0
DF	Q6WRF9	1
DJ	Q6WRG1	0
DH	Q6WRG1	1
DI	Q6WRG1	1
DJ	Q6WRG2	0
BX	Q6WRG2	1
DJ	Q6WRG3	0
BY	Q6WRG3	1
BZ	Q6WRG3	1
CA	Q6WRG3	1
CF	Q6WRG3	1
CG	Q6WRG3	1
CH	Q6WRG3	1
DJ	Q6WRG4	0
CB	Q6WRG4	1
CD	Q6WRG4	1
DJ	Q6WRG5	0
CC	Q6WRG5	1
DJ	Q6WRG6	0
CE	Q6WRG6	1
DL	Q6WRG6	1
DM	Q6WRG6	1
BC	Q6WRG7	1
CI	Q6WRG7	1
DJ	Q6WRG8	0
CJ	Q6WRG8	1
DJ	Q6WRG9	0
CJ	Q6WRG9	1
DJ	Q6WRH1	0
CK	Q6WRH1	1
DJ	Q6WRH2	0
DK	Q6WRH2	1
DJ	Q6WRH3	0
CL	Q6WRH3	1
CM	Q6WRH3	1
CN	Q6WRH3	1
CO	Q6WRH3	1
CP	Q6WRH3	1
CQ	Q6WRH3	1
CR	Q6WRH3	1
DJ	Q6WRH4	0
AAAH	Q6WRH4	1
AAAI	Q6WRH4	1
AAAJ	Q6WRH4	1
AAAK	Q6WRH4	1
AAAL	Q6WRH4	1
AAAM	Q6WRH4	1
AAAN	Q6WRH4	1
AAAO	Q6WRH4	1
AABU	Q6WRH4	1
Q	Q6WRH4	1
R	Q6WRH4	1
S	Q6WRH4	1
T	Q6WRH4	1
U	Q6WRH4	1
V	Q6WRH4	1
W	Q6WRH4	1
X	Q6WRH4	1
Y	Q6WRH4	1
AA	Q6WRH4	1
AB	Q6WRH4	1
DJ	Q6WRH5	0
AO	Q6WRH5	1
AP	Q6WRH5	1
AQ	Q6WRH5	1
AR	Q6WRH5	1
AS	Q6WRH5	1
AY	Q6WRH5	1
BQ	Q6WRH5	1
CS	Q6WRH5	1
DO	Q6WRH5	1
DJ	Q6WRH6	0
AO	Q6WRH6	1
AP	Q6WRH6	1
AQ	Q6WRH6	1
AR	Q6WRH6	1
AS	Q6WRH6	1
AT	Q6WRH6	1
AY	Q6WRH6	1
BO	Q6WRH6	1
BQ	Q6WRH6	1
DO	Q6WRH6	1
DJ	Q6WRH7	0
AO	Q6WRH7	1
AP	Q6WRH7	1
AQ	Q6WRH7	1
AR	Q6WRH7	1
AS	Q6WRH7	1
AT	Q6WRH7	1
AY	Q6WRH7	1
BO	Q6WRH7	1
BQ	Q6WRH7	1
BT	Q6WRH7	1
CT	Q6WRH7	1
CU	Q6WRH7	1
CV	Q6WRH7	1
CZ	Q6WRH7	1
DO	Q6WRH7	1
DJ	Q6WRH8	0
CV	Q6WRH8	1
CW	Q6WRH8	1
CX	Q6WRH8	1
CY	Q6WRH8	1
CW	Q6WRH9	0
DJ	Q6WRH9	0
CX	Q6WRH9	1
CY	Q6WRH9	1
CW	Q6WRI1	0
CX	Q6WRI1	0
DJ	Q6WRI1	0
CY	Q6WRI1	1
CW	Q6WRI2	0
CX	Q6WRI2	0
DJ	Q6WRI2	0
CY	Q6WRI2	1
CW	Q6WRI3	0
CX	Q6WRI3	0
DJ	Q6WRI3	0
CY	Q6WRI3	1
CW	Q6WRI4	0
DJ	Q6WRI4	0
CX	Q6WRI4	1
CY	Q6WRI4	1
CW	Q6WRI5	0
DJ	Q6WRI5	0
CX	Q6WRI5	1
CY	Q6WRI5	1
CW	Q6WRI6	0
CX	Q6WRI6	0
DJ	Q6WRI6	0
CY	Q6WRI6	1
DJ	Q6WRI7	0
CW	Q6WRI7	1
CX	Q6WRI7	1
CY	Q6WRI7	1
CW	Q6WRI8	0
DJ	Q6WRI8	0
CX	Q6WRI8	1
CY	Q6WRI8	1
DJ	Q6WRI9	0
DA	Q6WRI9	1
DB	Q6WRI9	1
DA	Q6WRJ1	1
DB	Q6WRJ1	1
DC	Q6WRJ1	1
DD	Q6WRJ1	1
DJ	Q6WRJ2	0
DA	Q6WRJ2	1
DA	Q6WRJ3	1
DC	Q6WRJ3	1
DD	Q6WRJ3	1
